year,sex,name,n,prop
43466,F,TOC2,14370,0.007127753
43497,F,TOC2,13270,0.00654498
43525,F,TOC2,12340,0.005909223
43556,F,TOC2,11423,0.005403741
43586,F,TOC2,9402,0.004520305
43617,F,TOC2,7811,0.003863391
43647,F,TOC2,6306,0.003222521
43678,F,TOC2,5398,0.002792056
43709,F,TOC2,4696,0.002428064
43739,F,TOC2,3936,0.002048983
43770,F,TOC2,3547,0.00182126
43800,F,TOC2,3409,0.001761658